Protein,Site
Q8TE77,9
Q8TE77,13
Q8TE77,16
Q8TE77,37
Q8TE77,70
Q8TE77,85
Q8TE77,87
Q8TE77,259
Q8TE77,290
Q8TE77,293
Q8TE77,385
Q8TE77,484
Q8TE77,547
Q8TE77,602
Q8TE77,609
Q8TE77,637
Q8TE77,649
Q8TE77,653
Q8WWH5,4
Q8WWH5,10
Q8WWH5,11
Q8WWH5,19
Q8WWH5,36
Q8WWH5,101
Q8WWH5,122
Q8WWH5,134
Q8WWH5,201
Q8WWH5,260
Q96JC9,21
Q96JC9,29
Q96JC9,158
Q96JC9,165
Q96JC9,260
Q96JC9,262
Q96JC9,264
Q96JC9,266
Q13129,41
Q13129,47
Q13129,132
Q13129,213
Q13129,624
Q13129,632
Q13129,634
Q13129,642
Q13129,755
Q13129,936
Q13129,1022
Q13129,1228
Q13129,1252
Q13129,1253
Q13129,1259
Q13129,1266
Q13129,1269
Q13129,1273
Q13129,1628
Q13129,1700
Q13129,1914
Q496A3,113
Q496A3,114
Q496A3,152
Q496A3,153
Q496A3,215
